<metadata xml:lang="zh"><Esri><CreaDate>20240826</CreaDate><CreaTime>08200500</CreaTime><ArcGISFormat>1.0</ArcGISFormat><SyncOnce>FALSE</SyncOnce><DataProperties><lineage><Process ToolSource="c:\program files\arcgis\pro\Resources\ArcToolbox\toolboxes\Conversion Tools.tbx\JSONToFeatures" Date="20240826" Time="082005">JSONToFeatures D:\Users\ottoyu\Downloads\Site_HK1980.geojson D:\Users\ottoyu\Documents\ArcGIS\Projects\Site\Site.gdb\Site_HK1980_JSONToFeatures Polygon</Process><Process ToolSource="c:\program files\arcgis\pro\Resources\ArcToolbox\toolboxes\Conversion Tools.tbx\ExportFeatures" Date="20240826" Time="084508">ExportFeatures Site_HK1980_Raw D:\Users\ottoyu\Documents\ArcGIS\Projects\Site\Site.gdb\Site_HK1980_Raw_Export # NOT_USE_ALIAS "SITEID "SITEID" true true false 8 Double 0 0,First,#,Site_HK1980_Raw,Site_HK1980_JSONToFeatures.SITEID,-1,-1,Site_HK1980_Raw,Site_HK1980_JSONToFeatures.SITEID,-1,-1;SITESTYPE "SITESTYPE" true true false 8 Double 0 0,First,#,Site_HK1980_Raw,Site_HK1980_JSONToFeatures.SITESTYPE,-1,-1,Site_HK1980_Raw,Site_HK1980_JSONToFeatures.SITESTYPE,-1,-1;SITECODE "SITECODE" true true false 2000000000 Text 0 0,First,#,Site_HK1980_Raw,Site_HK1980_JSONToFeatures.SITECODE,0,1999999999,Site_HK1980_Raw,Site_HK1980_JSONToFeatures.SITECODE,0,1999999999;STATUS "STATUS" true true false 2000000000 Text 0 0,First,#,Site_HK1980_Raw,Site_HK1980_JSONToFeatures.STATUS,0,1999999999,Site_HK1980_Raw,Site_HK1980_JSONToFeatures.STATUS,0,1999999999;LASTUPDATEDATE "LASTUPDATEDATE" true true false 2000000000 Text 0 0,First,#,Site_HK1980_Raw,Site_HK1980_JSONToFeatures.LASTUPDATEDATE,0,1999999999,Site_HK1980_Raw,Site_HK1980_JSONToFeatures.LASTUPDATEDATE,0,1999999999;Shape_Length "Shape_Length" false true true 8 Double 0 0,First,#,Site_HK1980_Raw,Site_HK1980_JSONToFeatures.Shape_Length,-1,-1,Site_HK1980_Raw,Site_HK1980_JSONToFeatures.Shape_Length,-1,-1;Shape_Area "Shape_Area" false true true 8 Double 0 0,First,#,Site_HK1980_Raw,Site_HK1980_JSONToFeatures.Shape_Area,-1,-1,Site_HK1980_Raw,Site_HK1980_JSONToFeatures.Shape_Area,-1,-1;geometry "geometry" true true false 8000 Text 0 0,First,#,Site_HK1980_Raw,SITENAME.csv.geometry,0,7999,Site_HK1980_Raw,SITENAME.csv.geometry,0,7999;LASTUPDATEDATE "LASTUPDATEDATE" true true false 8 Date 0 0,First,#,Site_HK1980_Raw,SITENAME.csv.LASTUPDATEDATE,-1,-1,Site_HK1980_Raw,SITENAME.csv.LASTUPDATEDATE,-1,-1;SITENAMEID "SITENAMEID" true true false 4 Long 0 0,First,#,Site_HK1980_Raw,SITENAME.csv.SITENAMEID,-1,-1,Site_HK1980_Raw,SITENAME.csv.SITENAMEID,-1,-1;ENGLISHNAME "ENGLISHNAME" true true false 8000 Text 0 0,First,#,Site_HK1980_Raw,SITENAME.csv.ENGLISHNAME,0,7999,Site_HK1980_Raw,SITENAME.csv.ENGLISHNAME,0,7999;CHINESENAME "CHINESENAME" true true false 8000 Text 0 0,First,#,Site_HK1980_Raw,SITENAME.csv.CHINESENAME,0,7999,Site_HK1980_Raw,SITENAME.csv.CHINESENAME,0,7999;ST_CODE "ST_CODE" true true false 8 Double 0 0,First,#,Site_HK1980_Raw,SITENAME.csv.ST_CODE,-1,-1,Site_HK1980_Raw,SITENAME.csv.ST_CODE,-1,-1;NAMESTATUS "NAMESTATUS" true true false 8000 Text 0 0,First,#,Site_HK1980_Raw,SITENAME.csv.NAMESTATUS,0,7999,Site_HK1980_Raw,SITENAME.csv.NAMESTATUS,0,7999;geometry "geometry" true true false 8000 Text 0 0,First,#,Site_HK1980_Raw,SITERELATESITENAME.csv.geometry,0,7999,Site_HK1980_Raw,SITERELATESITENAME.csv.geometry,0,7999;LASTUPDATEDATE "LASTUPDATEDATE" true true false 8 Date 0 0,First,#,Site_HK1980_Raw,SITERELATESITENAME.csv.LASTUPDATEDATE,-1,-1,Site_HK1980_Raw,SITERELATESITENAME.csv.LASTUPDATEDATE,-1,-1;SITENAMEID "SITENAMEID" true true false 4 Long 0 0,First,#,Site_HK1980_Raw,SITERELATESITENAME.csv.SITENAMEID,-1,-1,Site_HK1980_Raw,SITERELATESITENAME.csv.SITENAMEID,-1,-1;SITEID "SITEID" true true false 8 Double 0 0,First,#,Site_HK1980_Raw,SITERELATESITENAME.csv.SITEID,-1,-1,Site_HK1980_Raw,SITERELATESITENAME.csv.SITEID,-1,-1;SUBSITEID "SUBSITEID" true true false 8000 Text 0 0,First,#,Site_HK1980_Raw,SITERELATESITENAME.csv.SUBSITEID,0,7999,Site_HK1980_Raw,SITERELATESITENAME.csv.SUBSITEID,0,7999" #</Process><Process ToolSource="c:\program files\arcgis\pro\Resources\ArcToolbox\toolboxes\Data Management Tools.tbx\UpdateSchema" Date="20240826" Time="084715">UpdateSchema "CIMDATA=&lt;CIMStandardDataConnection xsi:type='typens:CIMStandardDataConnection' xmlns:xsi='http://www.w3.org/2001/XMLSchema-instance' xmlns:xs='http://www.w3.org/2001/XMLSchema' xmlns:typens='http://www.esri.com/schemas/ArcGIS/3.2.0'&gt;&lt;WorkspaceConnectionString&gt;DATABASE=D:\Users\ottoyu\Documents\ArcGIS\Projects\Site\Site.gdb&lt;/WorkspaceConnectionString&gt;&lt;WorkspaceFactory&gt;FileGDB&lt;/WorkspaceFactory&gt;&lt;Dataset&gt;Site_HK1980_Raw_Export&lt;/Dataset&gt;&lt;DatasetType&gt;esriDTFeatureClass&lt;/DatasetType&gt;&lt;/CIMStandardDataConnection&gt;" &lt;operationSequence&gt;&lt;workflow&gt;&lt;DeleteField&gt;&lt;field_name&gt;geometry&lt;/field_name&gt;&lt;field_name&gt;LASTUPDATEDATE_1&lt;/field_name&gt;&lt;field_name&gt;geometry_1&lt;/field_name&gt;&lt;field_name&gt;SITENAMEID_1&lt;/field_name&gt;&lt;field_name&gt;SITEID_1&lt;/field_name&gt;&lt;/DeleteField&gt;&lt;/workflow&gt;&lt;/operationSequence&gt;</Process><Process ToolSource="c:\program files\arcgis\pro\Resources\ArcToolbox\toolboxes\Data Management Tools.tbx\UpdateSchema" Date="20240826" Time="084800">UpdateSchema "CIMDATA=&lt;CIMStandardDataConnection xsi:type='typens:CIMStandardDataConnection' xmlns:xsi='http://www.w3.org/2001/XMLSchema-instance' xmlns:xs='http://www.w3.org/2001/XMLSchema' xmlns:typens='http://www.esri.com/schemas/ArcGIS/3.2.0'&gt;&lt;WorkspaceConnectionString&gt;DATABASE=D:\Users\ottoyu\Documents\ArcGIS\Projects\Site\Site.gdb&lt;/WorkspaceConnectionString&gt;&lt;WorkspaceFactory&gt;FileGDB&lt;/WorkspaceFactory&gt;&lt;Dataset&gt;Site_HK1980_Raw_Export&lt;/Dataset&gt;&lt;DatasetType&gt;esriDTFeatureClass&lt;/DatasetType&gt;&lt;/CIMStandardDataConnection&gt;" &lt;operationSequence&gt;&lt;workflow&gt;&lt;DeleteField&gt;&lt;field_name&gt;NAMESTATUS&lt;/field_name&gt;&lt;field_name&gt;LASTUPDATEDATE_12&lt;/field_name&gt;&lt;field_name&gt;SUBSITEID&lt;/field_name&gt;&lt;/DeleteField&gt;&lt;/workflow&gt;&lt;/operationSequence&gt;</Process><Process ToolSource="c:\program files\arcgis\pro\Resources\ArcToolbox\toolboxes\Conversion Tools.tbx\ExportFeatures" Date="20240826" Time="084919">ExportFeatures Site_HK1980_Raw_Export D:\Users\ottoyu\Documents\ArcGIS\Projects\Site\Site_Raw_Export.shp # NOT_USE_ALIAS "CHINESENAME "CHINESENAME" true true false 8000 Text 0 0,First,#,Site_HK1980_Raw_Export,CHINESENAME,0,7999;ENGLISHNAME "ENGLISHNAME" true true false 8000 Text 0 0,First,#,Site_HK1980_Raw_Export,ENGLISHNAME,0,7999;SITEID "SITEID" true true false 8 Double 0 0,First,#,Site_HK1980_Raw_Export,SITEID,-1,-1;SITESTYPE "SITESTYPE" true true false 8 Double 0 0,First,#,Site_HK1980_Raw_Export,SITESTYPE,-1,-1;SITECODE "SITECODE" true true false 2000000000 Text 0 0,First,#,Site_HK1980_Raw_Export,SITECODE,0,1999999999;STATUS "STATUS" true true false 2000000000 Text 0 0,First,#,Site_HK1980_Raw_Export,STATUS,0,1999999999;LASTUPDATEDATE "LASTUPDATEDATE" true true false 2000000000 Text 0 0,First,#,Site_HK1980_Raw_Export,LASTUPDATEDATE,0,1999999999;SITENAMEID "SITENAMEID" true true false 4 Long 0 0,First,#,Site_HK1980_Raw_Export,SITENAMEID,-1,-1;ST_CODE "ST_CODE" true true false 8 Double 0 0,First,#,Site_HK1980_Raw_Export,ST_CODE,-1,-1;Shape_Length "Shape_Length" false true true 8 Double 0 0,First,#,Site_HK1980_Raw_Export,Shape_Length,-1,-1;Shape_Area "Shape_Area" false true true 8 Double 0 0,First,#,Site_HK1980_Raw_Export,Shape_Area,-1,-1" #</Process></lineage><itemProps><itemName Sync="TRUE">Site_Raw_Export</itemName><imsContentType Sync="TRUE">002</imsContentType><itemLocation><linkage Sync="TRUE">file://\\PCSD-W10PC\D$\Users\ottoyu\Documents\ArcGIS\Projects\Site\Site_Raw_Export.shp</linkage><protocol Sync="TRUE">Local Area Network</protocol></itemLocation><itemSize Sync="TRUE">0.000</itemSize></itemProps><coordRef><type Sync="TRUE">Projected</type><geogcsn Sync="TRUE">GCS_Hong_Kong_1980</geogcsn><csUnits Sync="TRUE">Linear Unit: Meter (1.000000)</csUnits><projcsn Sync="TRUE">Hong_Kong_1980_Grid</projcsn><peXml Sync="TRUE">&lt;ProjectedCoordinateSystem xsi:type='typens:ProjectedCoordinateSystem' xmlns:xsi='http://www.w3.org/2001/XMLSchema-instance' xmlns:xs='http://www.w3.org/2001/XMLSchema' xmlns:typens='http://www.esri.com/schemas/ArcGIS/3.2.0'&gt;&lt;WKT&gt;PROJCS[&amp;quot;Hong_Kong_1980_Grid&amp;quot;,GEOGCS[&amp;quot;GCS_Hong_Kong_1980&amp;quot;,DATUM[&amp;quot;D_Hong_Kong_1980&amp;quot;,SPHEROID[&amp;quot;International_1924&amp;quot;,6378388.0,297.0]],PRIMEM[&amp;quot;Greenwich&amp;quot;,0.0],UNIT[&amp;quot;Degree&amp;quot;,0.0174532925199433]],PROJECTION[&amp;quot;Transverse_Mercator&amp;quot;],PARAMETER[&amp;quot;False_Easting&amp;quot;,836694.05],PARAMETER[&amp;quot;False_Northing&amp;quot;,819069.8],PARAMETER[&amp;quot;Central_Meridian&amp;quot;,114.1785555555556],PARAMETER[&amp;quot;Scale_Factor&amp;quot;,1.0],PARAMETER[&amp;quot;Latitude_Of_Origin&amp;quot;,22.31213333333334],UNIT[&amp;quot;Meter&amp;quot;,1.0],AUTHORITY[&amp;quot;EPSG&amp;quot;,2326]]&lt;/WKT&gt;&lt;XOrigin&gt;-4786700&lt;/XOrigin&gt;&lt;YOrigin&gt;-11651800&lt;/YOrigin&gt;&lt;XYScale&gt;450249651.57241428&lt;/XYScale&gt;&lt;ZOrigin&gt;-100000&lt;/ZOrigin&gt;&lt;ZScale&gt;10000&lt;/ZScale&gt;&lt;MOrigin&gt;-100000&lt;/MOrigin&gt;&lt;MScale&gt;10000&lt;/MScale&gt;&lt;XYTolerance&gt;0.001&lt;/XYTolerance&gt;&lt;ZTolerance&gt;0.001&lt;/ZTolerance&gt;&lt;MTolerance&gt;0.001&lt;/MTolerance&gt;&lt;HighPrecision&gt;true&lt;/HighPrecision&gt;&lt;WKID&gt;102140&lt;/WKID&gt;&lt;LatestWKID&gt;2326&lt;/LatestWKID&gt;&lt;/ProjectedCoordinateSystem&gt;</peXml></coordRef></DataProperties><SyncDate>20240826</SyncDate><SyncTime>08491400</SyncTime><ModDate>20240826</ModDate><ModTime>08491400</ModTime></Esri><dataIdInfo><envirDesc Sync="TRUE">Microsoft Windows 10 Version 10.0 (Build 14393) ; Esri ArcGIS 13.2.0.49743</envirDesc><dataLang><languageCode value="zho" Sync="TRUE"></languageCode><countryCode value="HKG" Sync="TRUE"></countryCode></dataLang><idCitation><resTitle Sync="TRUE">Site_Raw_Export</resTitle><presForm><PresFormCd value="005" Sync="TRUE"></PresFormCd></presForm></idCitation><spatRpType><SpatRepTypCd value="001" Sync="TRUE"></SpatRepTypCd></spatRpType></dataIdInfo><mdLang><languageCode value="zho" Sync="TRUE"></languageCode><countryCode value="HKG" Sync="TRUE"></countryCode></mdLang><distInfo><distFormat><formatName Sync="TRUE">Shapefile</formatName></distFormat><distTranOps><transSize Sync="TRUE">0.000</transSize></distTranOps></distInfo><mdHrLv><ScopeCd value="005" Sync="TRUE"></ScopeCd></mdHrLv><mdHrLvName Sync="TRUE">dataset</mdHrLvName><refSysInfo><RefSystem><refSysID><identCode code="2326" Sync="TRUE"></identCode><idCodeSpace Sync="TRUE">EPSG</idCodeSpace><idVersion Sync="TRUE">6.9(9.0.0)</idVersion></refSysID></RefSystem></refSysInfo><spatRepInfo><VectSpatRep><geometObjs Name="Site_Raw_Export"><geoObjTyp><GeoObjTypCd value="002" Sync="TRUE"></GeoObjTypCd></geoObjTyp><geoObjCnt Sync="TRUE">0</geoObjCnt></geometObjs><topLvl><TopoLevCd value="001" Sync="TRUE"></TopoLevCd></topLvl></VectSpatRep></spatRepInfo><spdoinfo><ptvctinf><esriterm Name="Site_Raw_Export"><efeatyp Sync="TRUE">Simple</efeatyp><efeageom code="4" Sync="TRUE"></efeageom><esritopo Sync="TRUE">FALSE</esritopo><efeacnt Sync="TRUE">0</efeacnt><spindex Sync="TRUE">FALSE</spindex><linrefer Sync="TRUE">TRUE</linrefer></esriterm></ptvctinf></spdoinfo><eainfo><detailed Name="Site_Raw_Export"><enttyp><enttypl Sync="TRUE">Site_Raw_Export</enttypl><enttypt Sync="TRUE">Feature Class</enttypt><enttypc Sync="TRUE">0</enttypc></enttyp><attr><attrlabl Sync="TRUE">FID</attrlabl><attalias Sync="TRUE">FID</attalias><attrtype Sync="TRUE">OID</attrtype><attwidth Sync="TRUE">4</attwidth><atprecis Sync="TRUE">0</atprecis><attscale Sync="TRUE">0</attscale><attrdef Sync="TRUE">Internal feature number.</attrdef><attrdefs Sync="TRUE">Esri</attrdefs><attrdomv><udom Sync="TRUE">Sequential unique whole numbers that are automatically generated.</udom></attrdomv></attr><attr><attrlabl Sync="TRUE">Shape</attrlabl><attalias Sync="TRUE">Shape</attalias><attrtype Sync="TRUE">Geometry</attrtype><attwidth Sync="TRUE">0</attwidth><atprecis Sync="TRUE">0</atprecis><attscale Sync="TRUE">0</attscale><attrdef Sync="TRUE">Feature geometry.</attrdef><attrdefs Sync="TRUE">Esri</attrdefs><attrdomv><udom Sync="TRUE">Coordinates defining the features.</udom></attrdomv></attr><attr><attrlabl Sync="TRUE">CHINESENAM</attrlabl><attalias Sync="TRUE">CHINESENAM</attalias><attrtype Sync="TRUE">String</attrtype><attwidth Sync="TRUE">254</attwidth><atprecis Sync="TRUE">0</atprecis><attscale Sync="TRUE">0</attscale></attr><attr><attrlabl Sync="TRUE">ENGLISHNAM</attrlabl><attalias Sync="TRUE">ENGLISHNAM</attalias><attrtype Sync="TRUE">String</attrtype><attwidth Sync="TRUE">254</attwidth><atprecis Sync="TRUE">0</atprecis><attscale Sync="TRUE">0</attscale></attr><attr><attrlabl Sync="TRUE">SITEID</attrlabl><attalias Sync="TRUE">SITEID</attalias><attrtype Sync="TRUE">Double</attrtype><attwidth Sync="TRUE">19</attwidth><atprecis Sync="TRUE">0</atprecis><attscale Sync="TRUE">0</attscale></attr><attr><attrlabl Sync="TRUE">SITESTYPE</attrlabl><attalias Sync="TRUE">SITESTYPE</attalias><attrtype Sync="TRUE">Double</attrtype><attwidth Sync="TRUE">19</attwidth><atprecis Sync="TRUE">0</atprecis><attscale Sync="TRUE">0</attscale></attr><attr><attrlabl Sync="TRUE">SITECODE</attrlabl><attalias Sync="TRUE">SITECODE</attalias><attrtype Sync="TRUE">String</attrtype><attwidth Sync="TRUE">254</attwidth><atprecis Sync="TRUE">0</atprecis><attscale Sync="TRUE">0</attscale></attr><attr><attrlabl Sync="TRUE">STATUS</attrlabl><attalias Sync="TRUE">STATUS</attalias><attrtype Sync="TRUE">String</attrtype><attwidth Sync="TRUE">254</attwidth><atprecis Sync="TRUE">0</atprecis><attscale Sync="TRUE">0</attscale></attr><attr><attrlabl Sync="TRUE">LASTUPDATE</attrlabl><attalias Sync="TRUE">LASTUPDATE</attalias><attrtype Sync="TRUE">String</attrtype><attwidth Sync="TRUE">254</attwidth><atprecis Sync="TRUE">0</atprecis><attscale Sync="TRUE">0</attscale></attr><attr><attrlabl Sync="TRUE">SITENAMEID</attrlabl><attalias Sync="TRUE">SITENAMEID</attalias><attrtype Sync="TRUE">Integer</attrtype><attwidth Sync="TRUE">10</attwidth><atprecis Sync="TRUE">10</atprecis><attscale Sync="TRUE">0</attscale></attr><attr><attrlabl Sync="TRUE">ST_CODE</attrlabl><attalias Sync="TRUE">ST_CODE</attalias><attrtype Sync="TRUE">Double</attrtype><attwidth Sync="TRUE">19</attwidth><atprecis Sync="TRUE">0</atprecis><attscale Sync="TRUE">0</attscale></attr><attr><attrlabl Sync="TRUE">Shape_Leng</attrlabl><attalias Sync="TRUE">Shape_Leng</attalias><attrtype Sync="TRUE">Double</attrtype><attwidth Sync="TRUE">19</attwidth><atprecis Sync="TRUE">0</atprecis><attscale Sync="TRUE">0</attscale></attr><attr><attrlabl Sync="TRUE">Shape_Area</attrlabl><attalias Sync="TRUE">Shape_Area</attalias><attrtype Sync="TRUE">Double</attrtype><attwidth Sync="TRUE">19</attwidth><atprecis Sync="TRUE">0</atprecis><attscale Sync="TRUE">0</attscale><attrdef Sync="TRUE">Area of feature in internal units squared.</attrdef><attrdefs Sync="TRUE">Esri</attrdefs><attrdomv><udom Sync="TRUE">Positive real numbers that are automatically generated.</udom></attrdomv></attr></detailed></eainfo><mdDateSt Sync="TRUE">20240826</mdDateSt></metadata>
